id,title_fa,Rate,Rate_cnt,Category1,Category2,Brand,Price,Seller,Is_Fake,min_price_last_month,sub_category

11607519,عینک آفتابی مدل 3548 - Fnok شیشه,0,0,اکسسوری زنانه و مردانه,عینک زنانه و مردانه,متفرقه,5500000,فروشگاه آرکوشپ,True,0,clothe
12231712,عینک آفتابی مدل RB2186 - پلار,0,0,اکسسوری زنانه و مردانه,عینک زنانه و مردانه,متفرقه,5350000,فروشگاه آرکوشپ,True,0,clothe
10933430,عینک آفتابی مدل 628 - TRAND,0,0,اکسسوری زنانه و مردانه,عینک زنانه و مردانه,متفرقه,5110000,فروشگاه آرکوشپ,True,0,clothe
8671593,عینک آفتابی مدل C86374duye,0,0,اکسسوری زنانه و مردانه,عینک زنانه و مردانه,متفرقه,5789400,اوپال اوپتیک,False,0,clothe
10892181,عینک آفتابی مدل 3332 - BG,0,0,اکسسوری زنانه و مردانه,عینک زنانه و مردانه,متفرقه,5720000,فروشگاه آرکوشپ,True,0,clothe
10914241,عینک آفتابی مدل 024,0,0,اکسسوری زنانه و مردانه,عینک زنانه و مردانه,متفرقه,5400000,عینک برلین,True,0,clothe
11209967,عینک آفتابی مدل 2173  M-tos-m,0,0,اکسسوری زنانه و مردانه,عینک زنانه و مردانه,متفرقه,5120000,فروشگاه آرکوشپ,True,0,clothe
7212371,عینک آفتابی مدل N1109brbr,0,0,اکسسوری زنانه و مردانه,عینک زنانه و مردانه,متفرقه,5600000,عینک دونی,False,0,clothe
11555883,عینک آفتابی مدل 9683 - Fnok-ad,0,0,اکسسوری زنانه و مردانه,عینک زنانه و مردانه,متفرقه,5400000,فروشگاه آرکوشپ,False,0,clothe
6290484,عینک آفتابی مدل D004,0,0,اکسسوری زنانه و مردانه,عینک زنانه و مردانه,متفرقه,5530000,عینک دونی,False,0,clothe
11199954,عینک آفتابی مدل 78067 -OG - fm-grz,0,0,اکسسوری زنانه و مردانه,عینک زنانه و مردانه,متفرقه,5165000,فروشگاه آرکوشپ,True,0,clothe
7157144,ست ساعت مچی عقربه ای زنانه و مردانه مدل RXNE,60,1,اکسسوری زنانه و مردانه,ساعت زنانه و مردانه,متفرقه,34549800,لوکس آویز ساعت,True,0,clothe
8673261,عینک آفتابی مدل ZN3536blbl,0,0,اکسسوری زنانه و مردانه,عینک زنانه و مردانه,متفرقه,5250000,عینک دونی,False,0,clothe
8673316,عینک آفتابی مدل G3970blbl,0,0,اکسسوری زنانه و مردانه,عینک زنانه و مردانه,متفرقه,5670000,عینک دونی,False,0,clothe
10040008,عینک آفتابی میباخ مدل 2001,0,0,اکسسوری زنانه و مردانه,عینک زنانه و مردانه,میباخ,5290000,فروشگاه آرکوشپ,False,0,clothe
11298402,عینک آفتابی مدل D2001,0,0,اکسسوری زنانه و مردانه,عینک زنانه و مردانه,متفرقه,5390000,فروشگاه آرکوشپ,False,0,clothe
11699453,عینک آفتابی مدل O2001 - Fm,0,0,اکسسوری زنانه و مردانه,عینک زنانه و مردانه,متفرقه,5740000,فروشگاه آرکوشپ,True,0,clothe
8671599,عینک آفتابی مدل C86374blbl,0,0,اکسسوری زنانه و مردانه,عینک زنانه و مردانه,متفرقه,5530000,عینک دونی,False,0,clothe
8673288,عینک آفتابی مدل GABEEkbl,0,0,اکسسوری زنانه و مردانه,عینک زنانه و مردانه,متفرقه,5250000,عینک دونی,False,0,clothe
7211364,عینک آفتابی مدل V1193kd,0,0,اکسسوری زنانه و مردانه,عینک زنانه و مردانه,متفرقه,5250000,عینک دونی,False,0,clothe
7071019,عینک آفتابی مدل C125c2,0,0,اکسسوری زنانه و مردانه,عینک زنانه و مردانه,متفرقه,5460000,عینک دونی,False,0,clothe
11199921,عینک آفتابی مدل 78067 -OG - fm-tos,0,0,اکسسوری زنانه و مردانه,عینک زنانه و مردانه,متفرقه,5140000,فروشگاه آرکوشپ,True,0,clothe
11199921,عینک آفتابی مدل 78067 -OG - fm-tos,0,0,اکسسوری زنانه و مردانه,عینک زنانه و مردانه,متفرقه,5140000,فروشگاه آرکوشپ,True,0,clothe
11199940,عینک آفتابی مدل 78067 -OG - fsor-i,0,0,اکسسوری زنانه و مردانه,عینک زنانه و مردانه,متفرقه,5180000,فروشگاه آرکوشپ,True,0,clothe
12226493,عینک آفتابی دیتیای مدل 9616,0,0,اکسسوری زنانه و مردانه,عینک زنانه و مردانه,دیتیای,5600000,عینک پلاس,False,0,clothe
7188850,عینک آفتابی اوگا مدل O4439td,40,1,اکسسوری زنانه و مردانه,عینک زنانه و مردانه,اوگا,5670000,عینک دونی,False,0,clothe
7219989,عینک آفتابی مدل V2783red,0,0,اکسسوری زنانه و مردانه,عینک زنانه و مردانه,متفرقه,5250000,عینک دونی,False,0,clothe
7021166,عینک آفتابی مدل P02c1,0,0,اکسسوری زنانه و مردانه,عینک زنانه و مردانه,متفرقه,5670000,عینک دونی,False,0,clothe
11892420,عینک آفتابی مدل RB2412d,0,0,اکسسوری زنانه و مردانه,عینک زنانه و مردانه,متفرقه,5530000,عینک دونی,False,0,clothe
12286651,عینک آفتابی مدل N3016 - F,0,0,اکسسوری زنانه و مردانه,عینک زنانه و مردانه,متفرقه,5600000,فروشگاه آرکوشپ,True,0,clothe
7879842,عینک آفتابی اِلدرادو مدل 252,0,0,اکسسوری زنانه و مردانه,عینک زنانه و مردانه,اِلدرادو,5850000,اپتیک مدرن ,False,0,clothe
10789214,عینک آفتابی اسپیریت مدل p00032 c4,0,0,اکسسوری زنانه و مردانه,عینک زنانه و مردانه,اسپیریت,5725000,دیجی‌کالا,False,0,clothe
11298373,عینک آفتابی مدل D2001,0,0,اکسسوری زنانه و مردانه,عینک زنانه و مردانه,متفرقه,5400000,فروشگاه آرکوشپ,False,0,clothe
10933905,عینک آفتابی مدل 96009 - تا به تا,0,0,اکسسوری زنانه و مردانه,عینک زنانه و مردانه,متفرقه,5210000,فروشگاه آرکوشپ,True,0,clothe
10788943,عینک آفتابی اسپیریت مدل p00062 c5,0,0,اکسسوری زنانه و مردانه,عینک زنانه و مردانه,اسپیریت,5371000,دیجی‌کالا,False,4736000,clothe
10045707,عینک آفتابی دیتیای مدل 9537- G-A,0,0,اکسسوری زنانه و مردانه,عینک زنانه و مردانه,دیتیای,5190000,فروشگاه آرکوشپ,False,0,clothe
9139795,عینک آفتابی تاش مدل 14y,0,0,اکسسوری زنانه و مردانه,عینک زنانه و مردانه,تاش,5310000,آقا شاپ,False,0,clothe
10791825,عینک آفتابی اسپیریت مدل p00006 c3,0,0,اکسسوری زنانه و مردانه,عینک زنانه و مردانه,اسپیریت,5725000,دیجی‌کالا,False,0,clothe
11607481,عینک آفتابی مدل 3548 - F-nog شیشه,0,0,اکسسوری زنانه و مردانه,عینک زنانه و مردانه,متفرقه,5500000,فروشگاه آرکوشپ,True,0,clothe
10788941,عینک آفتابی اسپیریت مدل p00091 c4,0,0,اکسسوری زنانه و مردانه,عینک زنانه و مردانه,اسپیریت,5725000,دیجی‌کالا,False,5158000,clothe
11100504,عینک آفتابی لاگوست مدل HX-16806,0,0,اکسسوری زنانه و مردانه,عینک زنانه و مردانه,لاگوست,5640000,ترند اپتیک,False,0,clothe
10788969,عینک آفتابی اسپیریت مدل p00001 c3,20,1,اکسسوری زنانه و مردانه,عینک زنانه و مردانه,اسپیریت,5854000,دیجی‌کالا,False,0,clothe
10282306,عینک آفتابی میباخ مدل 10495 - Fnm - SR,0,0,اکسسوری زنانه و مردانه,عینک زنانه و مردانه,میباخ,5340000,عینک علیخانی,False,0,clothe
7234922,عینک آفتابی مدل See Behind You,20,1,اکسسوری زنانه و مردانه,عینک زنانه و مردانه,متفرقه,5500000,موبایل سمیه,False,0,clothe
10788947,عینک آفتابی اسپیریت مدل p00110 c2,0,0,اکسسوری زنانه و مردانه,عینک زنانه و مردانه,اسپیریت,5854000,دیجی‌کالا,False,0,clothe
11607538,عینک آفتابی مدل 3548 - Ft شیشه,0,0,اکسسوری زنانه و مردانه,عینک زنانه و مردانه,متفرقه,5500000,فروشگاه آرکوشپ,True,0,clothe
10789007,عینک آفتابی اسپیریت مدل p00080 c3,0,0,اکسسوری زنانه و مردانه,عینک زنانه و مردانه,اسپیریت,5854000,دیجی‌کالا,False,0,clothe
9600915,عینک آفتابی مدل LIMIT EDITTION,0,0,اکسسوری زنانه و مردانه,عینک زنانه و مردانه,متفرقه,5525000,ترند اپتیک,True,0,clothe
11108541,عینک آفتابی مدل ML6023 Transparent Mountain,0,0,اکسسوری زنانه و مردانه,عینک زنانه و مردانه,متفرقه,5800000,اُپتیک اِستور,False,5700000,clothe
10792143,عینک آفتابی اسپیریت مدل p00015 c4,0,0,اکسسوری زنانه و مردانه,عینک زنانه و مردانه,اسپیریت,5725000,دیجی‌کالا,False,5158000,clothe
9663432,عینک آفتابی مدل یکسره کد 326-012,0,0,اکسسوری زنانه و مردانه,عینک زنانه و مردانه,اکسسورایز,5392000,کژال بیوتی,False,0,clothe
11008416,عینک آفتابی مدل ML6024 Obsidian Semi Transparent,70,2,اکسسوری زنانه و مردانه,عینک زنانه و مردانه,متفرقه,5800000,اُپتیک اِستور,False,0,clothe
10892262,عینک آفتابی مدل 1001 - BG,0,0,اکسسوری زنانه و مردانه,عینک زنانه و مردانه,متفرقه,5110000,فروشگاه آرکوشپ,True,0,clothe
10788953,عینک آفتابی اسپیریت مدل p00101 c3,80,2,اکسسوری زنانه و مردانه,عینک زنانه و مردانه,اسپیریت,5854000,دیجی‌کالا,False,0,clothe
10789226,عینک آفتابی اسپیریت مدل p00017 c1,0,0,اکسسوری زنانه و مردانه,عینک زنانه و مردانه,اسپیریت,5725000,دیجی‌کالا,False,0,clothe
12065603,عینک آفتابی جنتل مانستر مدل Gh9,0,0,اکسسوری زنانه و مردانه,عینک زنانه و مردانه,متفرقه,5600000,ارکان شاپ,False,0,clothe
9398493,عینک آفتابی لاگوست مدل 2174 POLARIZED,0,0,اکسسوری زنانه و مردانه,عینک زنانه و مردانه,لاگوست,5525000,ترند اپتیک,False,0,clothe
10274086,عینک آفتابی میباخ مدل N2001- dod,56,4,اکسسوری زنانه و مردانه,عینک زنانه و مردانه,میباخ,5390000,فروشگاه آرکوشپ,False,0,clothe
10933450,عینک آفتابی مدل 628 - B,0,0,اکسسوری زنانه و مردانه,عینک زنانه و مردانه,متفرقه,5150000,فروشگاه آرکوشپ,True,0,clothe
11101517,عینک آفتابی مارک جکوبس مدل Jh87,0,0,اکسسوری زنانه و مردانه,عینک زنانه و مردانه,مارک جکوبس,5660000,ارکان شاپ,False,0,clothe
12021649,عینک آفتابی سیکس مدل 326867,0,0,اکسسوری زنانه و مردانه,عینک زنانه و مردانه,سیکس,5841000,فامو دیزاین,False,0,clothe
11556159,عینک آفتابی مدل 9683 - Ft-a-gsr-k,0,0,اکسسوری زنانه و مردانه,عینک زنانه و مردانه,متفرقه,5400000,فروشگاه آرکوشپ,True,0,clothe
11944740,عینک شب مدل R2414bl,0,0,اکسسوری زنانه و مردانه,عینک زنانه و مردانه,متفرقه,5250000,عینک دونی,False,0,clothe
9600998,عینک آفتابی مدل B2776,20,1,اکسسوری زنانه و مردانه,عینک زنانه و مردانه,متفرقه,5525000,ترند اپتیک,True,0,clothe
12040250,عینک آفتابی مدل 326610,0,0,اکسسوری زنانه و مردانه,عینک زنانه و مردانه,متفرقه,5750000,مدیالندز,False,0,clothe
9908549,عینک آفتابی  مدل 125C2-BL,0,0,اکسسوری زنانه و مردانه,عینک زنانه و مردانه,متفرقه,5200000,اوپال اوپتیک,True,0,clothe
10792126,عینک آفتابی اسپیریت مدل p00101 c2,0,0,اکسسوری زنانه و مردانه,عینک زنانه و مردانه,اسپیریت,5854000,دیجی‌کالا,False,0,clothe
11164381,عینک آفتابی لاو ور مدل Po998,100,1,اکسسوری زنانه و مردانه,عینک زنانه و مردانه,لاو ور,5500000,ارکان شاپ,False,0,clothe
11555785,عینک آفتابی مدل 9683 - Fm-ad,0,0,اکسسوری زنانه و مردانه,عینک زنانه و مردانه,متفرقه,5490000,فروشگاه آرکوشپ,True,0,clothe
10789019,عینک آفتابی اسپیریت مدل p00080 c4,0,0,اکسسوری زنانه و مردانه,عینک زنانه و مردانه,اسپیریت,5725000,دیجی‌کالا,False,0,clothe
11172131,عینک آفتابی مدل ML6011 Semi Transparent Obisidian,0,0,اکسسوری زنانه و مردانه,عینک زنانه و مردانه,متفرقه,5800000,اُپتیک اِستور,False,0,clothe
10789019,عینک آفتابی اسپیریت مدل p00080 c4,0,0,اکسسوری زنانه و مردانه,عینک زنانه و مردانه,اسپیریت,5725000,دیجی‌کالا,False,0,clothe
9600943,عینک آفتابی مدل B2776,0,0,اکسسوری زنانه و مردانه,عینک زنانه و مردانه,متفرقه,5525000,ترند اپتیک,True,0,clothe
10793549,عینک آفتابی مانگو مدل m3502 c5,20,1,اکسسوری زنانه و مردانه,عینک زنانه و مردانه,مانگو,5725000,دیجی‌کالا,False,0,clothe
12231761,عینک آفتابی مدل RB2186 - M,0,0,اکسسوری زنانه و مردانه,عینک زنانه و مردانه,متفرقه,5400000,فروشگاه آرکوشپ,True,0,clothe
4645617,عینک آفتابی کد E_013,0,0,اکسسوری زنانه و مردانه,عینک زنانه و مردانه,متفرقه,5382000,میلادی بازرگانی,True,0,clothe
11556234,عینک آفتابی مدل 9683 - Ft-adg-por,0,0,اکسسوری زنانه و مردانه,عینک زنانه و مردانه,متفرقه,5485000,فروشگاه آرکوشپ,True,0,clothe
10946164,عینک آفتابی مدل P1002,0,0,اکسسوری زنانه و مردانه,عینک زنانه و مردانه,متفرقه,5110000,فروشگاه آرکوشپ,True,0,clothe
11594884,عینک آفتابی مدل ML6010 Onyx Contrast,100,2,اکسسوری زنانه و مردانه,عینک زنانه و مردانه,متفرقه,5700000,اُپتیک اِستور,False,5500000,clothe
10681006,عینک آفتابی لاگوست مدل 2174 POLARIZED,0,0,اکسسوری زنانه و مردانه,عینک زنانه و مردانه,لاگوست,5850000,ترند اپتیک,False,0,clothe
10792210,عینک آفتابی مانگو مدل m3523 c11,0,0,اکسسوری زنانه و مردانه,عینک زنانه و مردانه,مانگو,5725000,دیجی‌کالا,False,0,clothe
10788966,عینک آفتابی اسپیریت مدل p00015 c2,0,0,اکسسوری زنانه و مردانه,عینک زنانه و مردانه,اسپیریت,5371000,دیجی‌کالا,False,5158000,clothe
10794095,عینک آفتابی مانگو مدل m3502 c8,0,0,اکسسوری زنانه و مردانه,عینک زنانه و مردانه,مانگو,5725000,دیجی‌کالا,False,0,clothe
10792137,عینک آفتابی اسپیریت مدل p00010 c1,80,1,اکسسوری زنانه و مردانه,عینک زنانه و مردانه,اسپیریت,5725000,دیجی‌کالا,False,0,clothe
10381276,عینک آفتابی میباخ مدل 236-2 - Fm-Ad,50,2,اکسسوری زنانه و مردانه,عینک زنانه و مردانه,میباخ,5430000,عینک علیخانی,False,0,clothe
10789223,عینک آفتابی اسپیریت مدل p00002 c2,100,1,اکسسوری زنانه و مردانه,عینک زنانه و مردانه,اسپیریت,5725000,دیجی‌کالا,False,0,clothe
10789216,عینک آفتابی اسپیریت مدل p00006 c1,0,0,اکسسوری زنانه و مردانه,عینک زنانه و مردانه,اسپیریت,5725000,دیجی‌کالا,False,5158000,clothe
11100402,عینک آفتابی لاگوست مدل HX-16806,40,1,اکسسوری زنانه و مردانه,عینک زنانه و مردانه,لاگوست,5520000,ترند اپتیک,False,0,clothe
11171777,عینک آفتابی مدل ML6014 Transparent Midnight Forest,0,0,اکسسوری زنانه و مردانه,عینک زنانه و مردانه,متفرقه,5850000,اُپتیک اِستور,False,0,clothe
4924393,عینک آفتابی مورل مدل 8005,0,0,اکسسوری زنانه و مردانه,عینک زنانه و مردانه,مورل,5680000,عینک علیخانی,False,0,clothe
11696996,عینک آفتابی اوگا مدل 78032 POLARIZED,0,0,اکسسوری زنانه و مردانه,عینک زنانه و مردانه,اوگا,5900000,عینک دیدار,False,0,clothe
10794098,عینک آفتابی مانگو مدل m3505 c3,0,0,اکسسوری زنانه و مردانه,عینک زنانه و مردانه,مانگو,5725000,دیجی‌کالا,False,0,clothe
10273907,عینک شب میباخ مدل Rma-N2001 - M,90,6,اکسسوری زنانه و مردانه,عینک زنانه و مردانه,میباخ,5100000,بازار تخفیف,False,0,clothe
10789624,عینک آفتابی اسپریت مدل p00041 c4,0,0,اکسسوری زنانه و مردانه,عینک زنانه و مردانه,اسپریت,5725000,دیجی‌کالا,False,0,clothe
10788954,عینک آفتابی اسپیریت مدل p00015 c3,80,1,اکسسوری زنانه و مردانه,عینک زنانه و مردانه,اسپیریت,5725000,دیجی‌کالا,False,0,clothe
10790035,عینک شب مانگو مدل m9996 c10,0,0,اکسسوری زنانه و مردانه,عینک زنانه و مردانه,مانگو,5725000,دیجی‌کالا,False,5725000,clothe
11606169,عینک آفتابی مدل XH3332 - فشن,0,0,اکسسوری زنانه و مردانه,عینک زنانه و مردانه,متفرقه,5490000,فروشگاه آرکوشپ,True,0,clothe
10789220,عینک آفتابی اسپیریت مدل p00022 c3,60,1,اکسسوری زنانه و مردانه,عینک زنانه و مردانه,اسپیریت,5725000,دیجی‌کالا,False,0,clothe
10789013,عینک آفتابی اسپیریت مدل p00101 c1,86,3,اکسسوری زنانه و مردانه,عینک زنانه و مردانه,اسپیریت,5854000,دیجی‌کالا,False,0,clothe
10788973,عینک آفتابی اسپیریت مدل p00112 c4,40,1,اکسسوری زنانه و مردانه,عینک زنانه و مردانه,اسپیریت,5725000,دیجی‌کالا,False,5158000,clothe
10789018,عینک آفتابی اسپیریت مدل p00090 c4,90,2,اکسسوری زنانه و مردانه,عینک زنانه و مردانه,اسپیریت,5725000,دیجی‌کالا,False,5158000,clothe
11174592,عینک آفتابی جنتل مانستر مدل Ar6,0,0,اکسسوری زنانه و مردانه,عینک زنانه و مردانه,جنتل مانستر,5600000,ارکان شاپ,False,0,clothe
10791896,عینک شب مانگو مدل m3518 c10,0,0,اکسسوری زنانه و مردانه,عینک زنانه و مردانه,مانگو,5725000,دیجی‌کالا,False,0,clothe
10792215,عینک آفتابی مانگو مدل m3519 c3,0,0,اکسسوری زنانه و مردانه,عینک زنانه و مردانه,مانگو,5725000,دیجی‌کالا,False,0,clothe
9398606,عینک آفتابی لاگوست مدل 2174 POLARIZED,0,0,اکسسوری زنانه و مردانه,عینک زنانه و مردانه,لاگوست,5400000,ترند اپتیک,False,0,clothe
11390186,عینک آفتابی میباخ مدل MYC33,0,0,اکسسوری زنانه و مردانه,عینک زنانه و مردانه,میباخ,5500000,عینک استور,False,0,clothe
10933894,عینک آفتابی مدل 96009 - تابه تا,0,0,اکسسوری زنانه و مردانه,عینک زنانه و مردانه,متفرقه,5390000,فروشگاه آرکوشپ,True,0,clothe
10788946,عینک آفتابی اسپیریت مدل p00080 c5,0,0,اکسسوری زنانه و مردانه,عینک زنانه و مردانه,اسپیریت,5725000,دیجی‌کالا,False,5158000,clothe
11423345,عینک آفتابی مدل ML6026 Tawny Transparent,0,0,اکسسوری زنانه و مردانه,عینک زنانه و مردانه,متفرقه,5450000,اُپتیک اِستور,False,0,clothe
9398617,عینک آفتابی لاگوست مدل 2174 POLARIZED,20,1,اکسسوری زنانه و مردانه,عینک زنانه و مردانه,لاگوست,5400000,ترند اپتیک,False,0,clothe
12217824,عینک آفتابی مدل ML6026 Obsidian Leopard Pattern,0,0,اکسسوری زنانه و مردانه,عینک زنانه و مردانه,متفرقه,5500000,اُپتیک اِستور,False,0,clothe
10792141,عینک آفتابی اسپیریت مدل p00015 c1,100,1,اکسسوری زنانه و مردانه,عینک زنانه و مردانه,اسپیریت,5725000,دیجی‌کالا,False,0,clothe
11171484,عینک آفتابی مدل ML6024 Semi Transparent Mountain,0,0,اکسسوری زنانه و مردانه,عینک زنانه و مردانه,متفرقه,5500000,اُپتیک اِستور,False,0,clothe
10789630,عینک آفتابی اسپریت مدل p00045 c4,80,2,اکسسوری زنانه و مردانه,عینک زنانه و مردانه,اسپریت,5725000,دیجی‌کالا,False,0,clothe
10792212,عینک شب مانگو مدل m3519 c5,60,1,اکسسوری زنانه و مردانه,عینک زنانه و مردانه,مانگو,5725000,دیجی‌کالا,False,0,clothe
10642278,عینک آفتابی میباخ مدل 10473 - ft-ad,100,2,اکسسوری زنانه و مردانه,عینک زنانه و مردانه,میباخ,5760000,فروشگاه آرکوشپ,False,0,clothe
11865511,عینک آفتابی اوپتل مدل 1153 03,0,0,اکسسوری زنانه و مردانه,عینک زنانه و مردانه,اوپتل,5132000,دیجی‌کالا,False,0,clothe
11387591,عینک آفتابی مدل 3016,0,0,اکسسوری زنانه و مردانه,عینک زنانه و مردانه,متفرقه,5800000,فروشگاه آرکوشپ,True,0,clothe
10641216,عینک آفتابی دیوید بکهام مدل SA0037,0,0,اکسسوری زنانه و مردانه,عینک زنانه و مردانه,دیوید بکهام,5510000,ترند اپتیک,False,0,clothe
10789227,عینک آفتابی اسپیریت مدل p00026 c1,60,1,اکسسوری زنانه و مردانه,عینک زنانه و مردانه,اسپیریت,5725000,دیجی‌کالا,False,0,clothe
10791832,عینک آفتابی اسپیریت مدل p00017 c3,60,1,اکسسوری زنانه و مردانه,عینک زنانه و مردانه,اسپیریت,5725000,دیجی‌کالا,False,5158000,clothe
9905095,عینک آفتابی مدل خلبانی,80,1,اکسسوری زنانه و مردانه,عینک زنانه و مردانه,متفرقه,5670000,عینک علیخانی,True,0,clothe
12423478,عینک آفتابی مدل 4239 - Fm-bargh,0,0,اکسسوری زنانه و مردانه,عینک زنانه و مردانه,متفرقه,4350000,فروشگاه آرکوشپ,True,0,clothe
10792217,عینک آفتابی مانگو مدل m3519 c10,60,3,اکسسوری زنانه و مردانه,عینک زنانه و مردانه,مانگو,5725000,دیجی‌کالا,False,0,clothe
11493669,عینک آفتابی مدل ML65014 True Obsidian Anchor,20,1,اکسسوری زنانه و مردانه,عینک زنانه و مردانه,متفرقه,5400000,اُپتیک اِستور,False,0,clothe
11727425,عینک آفتابی مدل Z1820 Polarized Obsidian ,86,3,اکسسوری زنانه و مردانه,عینک زنانه و مردانه,متفرقه,5494000,اُپتیک اِستور,False,5494000,clothe
7961676,عینک آفتابی مدل 013,88,5,اکسسوری زنانه و مردانه,عینک زنانه و مردانه,متفرقه,5791700,کژال بیوتی,False,4184600,clothe
11514761,عینک آفتابی مدل ML6012 Transparent Apricot,0,0,اکسسوری زنانه و مردانه,عینک زنانه و مردانه,متفرقه,5450000,اُپتیک اِستور,False,0,clothe
10273777,عینک شب میباخ مدل N2001-Nog,100,1,اکسسوری زنانه و مردانه,عینک زنانه و مردانه,میباخ,5290000,فروشگاه آرکوشپ,False,0,clothe
10641330,عینک آفتابی دیوید بکهام مدل SA0037,40,2,اکسسوری زنانه و مردانه,عینک زنانه و مردانه,دیوید بکهام,5700000,ترند اپتیک,False,0,clothe
12189930,عینک آفتابی مدل گرد,100,1,اکسسوری زنانه و مردانه,عینک زنانه و مردانه,متفرقه,5500000,لوازم جانبی لوکاس,True,0,clothe
11709603,عینک آفتابی جنتل مانستر مدل B943,0,0,اکسسوری زنانه و مردانه,عینک زنانه و مردانه,جنتل مانستر,5300000,ارکان شاپ,False,1590000,clothe
10789215,عینک آفتابی اسپیریت مدل p00022 c5,0,0,اکسسوری زنانه و مردانه,عینک زنانه و مردانه,اسپیریت,5371000,دیجی‌کالا,False,4736000,clothe
11853812,عینک آفتابی اوپتل مدل 2153 01,0,0,اکسسوری زنانه و مردانه,عینک زنانه و مردانه,اوپتل,5791000,دیجی‌کالا,False,0,clothe
11937600,فریم عینک طبی مدل Z3398bl,0,0,اکسسوری زنانه و مردانه,عینک زنانه و مردانه,متفرقه,5250000,عینک دونی,False,0,clothe
10274215,عینک آفتابی میباخ مدل N2001 - tala,100,1,اکسسوری زنانه و مردانه,عینک زنانه و مردانه,میباخ,5310000,فروشگاه آرکوشپ,False,0,clothe
10681209,عینک آفتابی لاگوست مدل 2174 POLARIZED,80,2,اکسسوری زنانه و مردانه,عینک زنانه و مردانه,لاگوست,5670000,ترند اپتیک,False,0,clothe
5686710,عینک آفتابی مدل 2872 B,0,0,اکسسوری زنانه و مردانه,عینک زنانه و مردانه,متفرقه,4200000,اوپال اوپتیک,True,0,clothe
6756544,عینک آفتابی مدل 2021BL,20,2,اکسسوری زنانه و مردانه,عینک زنانه و مردانه,متفرقه,3900000,ریبن مارکت,False,0,clothe
12145994,عینک آفتابی مدل CORNERED BL01 GLO,0,0,اکسسوری زنانه و مردانه,عینک زنانه و مردانه,متفرقه,5000000,بازرگانی ایتالیا,False,0,clothe
11220628,عینک آفتابی مدل 22015  - bn,0,0,اکسسوری زنانه و مردانه,عینک زنانه و مردانه,متفرقه,3910000,فروشگاه آرکوشپ,True,0,clothe
12145388,عینک آفتابی مدل ZW9103,0,0,اکسسوری زنانه و مردانه,عینک زنانه و مردانه,متفرقه,5000000,بازرگانی ایتالیا,False,0,clothe
11053316,عینک آفتابی مدل 98002 - M-mat,0,0,اکسسوری زنانه و مردانه,عینک زنانه و مردانه,متفرقه,3940000,فروشگاه آرکوشپ,False,0,clothe
11047622,عینک آفتابی مدل D22839 - tos-mat,0,0,اکسسوری زنانه و مردانه,عینک زنانه و مردانه,متفرقه,4710000,فروشگاه آرکوشپ,True,0,clothe
11199771,عینک آفتابی مدل 2220 - fsor-mat,0,0,اکسسوری زنانه و مردانه,عینک زنانه و مردانه,متفرقه,4575000,فروشگاه آرکوشپ,True,0,clothe
11209928,عینک آفتابی مدل 2173  M-ts-gz,0,0,اکسسوری زنانه و مردانه,عینک زنانه و مردانه,متفرقه,4975000,فروشگاه آرکوشپ,True,0,clothe
12273246,عینک آفتابی مدل 7276 - m,0,0,اکسسوری زنانه و مردانه,عینک زنانه و مردانه,متفرقه,4450000,فروشگاه آرکوشپ,True,0,clothe
8678841,عینک آفتابی مدل ZN3580kbl,0,0,اکسسوری زنانه و مردانه,عینک زنانه و مردانه,متفرقه,4830000,عینک دونی,False,0,clothe
12286544,عینک آفتابی مدل 22030,0,0,اکسسوری زنانه و مردانه,عینک زنانه و مردانه,متفرقه,4720000,فروشگاه آرکوشپ,True,0,clothe
12273262,عینک آفتابی مدل 7276,0,0,اکسسوری زنانه و مردانه,عینک زنانه و مردانه,متفرقه,4400000,فروشگاه آرکوشپ,True,0,clothe
12286395,عینک آفتابی مدل 21008 - M-barg,0,0,اکسسوری زنانه و مردانه,عینک زنانه و مردانه,متفرقه,4500000,فروشگاه آرکوشپ,True,0,clothe
12286408,عینک آفتابی مدل 21008 - M-mat - Dn,0,0,اکسسوری زنانه و مردانه,عینک زنانه و مردانه,متفرقه,4500000,فروشگاه آرکوشپ,True,0,clothe
12391083,عینک آفتابی مدل 4232,0,0,اکسسوری زنانه و مردانه,عینک زنانه و مردانه,متفرقه,4090000,فروشگاه آرکوشپ,True,0,clothe
12423384,عینک آفتابی مدل 4239 - A-nog,0,0,اکسسوری زنانه و مردانه,عینک زنانه و مردانه,متفرقه,4000000,فروشگاه آرکوشپ,True,0,clothe
12346674,عینک آفتابی مدل 9652 - Fnok,0,0,اکسسوری زنانه و مردانه,عینک زنانه و مردانه,متفرقه,4320000,فروشگاه آرکوشپ,True,0,clothe
2591083,عینک آفتابی مدل Leo-c4,0,0,اکسسوری زنانه و مردانه,عینک زنانه و مردانه,متفرقه,4000000,مندو,False,0,clothe
6977991,عینک آفتابی مدل RB3026br,0,0,اکسسوری زنانه و مردانه,عینک زنانه و مردانه,متفرقه,4000000,اوپال اوپتیک,True,0,clothe
10774953,عینک آفتابی مدل 98006,0,0,اکسسوری زنانه و مردانه,عینک زنانه و مردانه,متفرقه,3980000,فروشگاه آرکوشپ,False,0,clothe
11386946,عینک آفتابی مدل 6074,0,0,اکسسوری زنانه و مردانه,عینک زنانه و مردانه,متفرقه,4850000,فروشگاه آرکوشپ,False,0,clothe
11053109,عینک آفتابی مدل 18152 - M-barg,0,0,اکسسوری زنانه و مردانه,عینک زنانه و مردانه,متفرقه,4330000,فروشگاه آرکوشپ,False,0,clothe
11386946,عینک آفتابی مدل 6074,0,0,اکسسوری زنانه و مردانه,عینک زنانه و مردانه,متفرقه,4850000,فروشگاه آرکوشپ,False,0,clothe
11749381,عینک آفتابی مدل PS18005 - Ft,0,0,اکسسوری زنانه و مردانه,عینک زنانه و مردانه,متفرقه,4890000,فروشگاه آرکوشپ,True,0,clothe
9258603,عینک آفتابی مدل JK 9909,0,0,اکسسوری زنانه و مردانه,عینک زنانه و مردانه,متفرقه,3990000,عینک افتابی کریمی,True,0,clothe
5664968,عینک آفتابی مدل 1617,0,0,اکسسوری زنانه و مردانه,عینک زنانه و مردانه,متفرقه,4020000,ریبن مارکت,False,5025000,clothe
2591058,عینک آفتابی مدل Leo-c3,60,2,اکسسوری زنانه و مردانه,عینک زنانه و مردانه,متفرقه,4000000,مندو,False,0,clothe
2594051,عینک آفتابی مدل Leo-c8,0,0,اکسسوری زنانه و مردانه,عینک زنانه و مردانه,متفرقه,4000000,مندو,False,0,clothe
6262011,عینک آفتابی مدل 1216,0,0,اکسسوری زنانه و مردانه,عینک زنانه و مردانه,متفرقه,4450000,عینک پرادا,True,0,clothe
6504422,عینک آفتابی مدل 620,0,0,اکسسوری زنانه و مردانه,عینک زنانه و مردانه,متفرقه,4200000,رزاکسسوریز,False,0,clothe
12148958,عینک آفتابی مدل  پلار کد 4012 - M-barg,0,0,اکسسوری زنانه و مردانه,عینک زنانه و مردانه,متفرقه,4800000,فروشگاه آرکوشپ,True,0,clothe
12206252,عینک آفتابی مدل 928,0,0,اکسسوری زنانه و مردانه,عینک زنانه و مردانه,متفرقه,3890000,فروشگاه آرکوشپ,True,0,clothe
12272763,عینک شب مدل 18166,0,0,اکسسوری زنانه و مردانه,عینک زنانه و مردانه,متفرقه,4850000,فروشگاه آرکوشپ,False,0,clothe
12272869,عینک آفتابی مدل 2247,0,0,اکسسوری زنانه و مردانه,عینک زنانه و مردانه,متفرقه,4380000,فروشگاه آرکوشپ,True,0,clothe
9259651,عینک آفتابی مدل JK 9909,0,0,اکسسوری زنانه و مردانه,عینک زنانه و مردانه,متفرقه,3990000,عینک افتابی کریمی,True,0,clothe
10874564,عینک آفتابی سلین کد CL41434,0,0,اکسسوری زنانه و مردانه,عینک زنانه و مردانه,سلین,4970000,ترانه,False,0,clothe
10642512,عینک آفتابی ژیوانشی مدل 2220 - یکسره,0,0,اکسسوری زنانه و مردانه,عینک زنانه و مردانه,ژیوانشی,4680000,فروشگاه آرکوشپ,False,0,clothe
11199894,عینک آفتابی مدل 78067 -OG - fg-n,0,0,اکسسوری زنانه و مردانه,عینک زنانه و مردانه,متفرقه,5060000,فروشگاه آرکوشپ,True,0,clothe
12346666,عینک آفتابی مدل 9652 - Fm,0,0,اکسسوری زنانه و مردانه,عینک زنانه و مردانه,متفرقه,4320000,فروشگاه آرکوشپ,True,0,clothe
9140580,عینک آفتابی مدل 9053,40,1,اکسسوری زنانه و مردانه,عینک زنانه و مردانه,متفرقه,4400000,زینی,True,0,clothe
9140976,عینک آفتابی مدل 1515,0,0,اکسسوری زنانه و مردانه,عینک زنانه و مردانه,متفرقه,4400000,زینی,True,0,clothe
9564303,عینک آفتابی کد 001,0,0,اکسسوری زنانه و مردانه,عینک زنانه و مردانه,متفرقه,4290000,مسیحا بیوتی,False,0,clothe
9579407,عینک آفتابی کد 003,0,0,اکسسوری زنانه و مردانه,عینک زنانه و مردانه,متفرقه,4290000,مسیحا بیوتی,False,0,clothe
8929668,عینک آفتابی   مدل 125 T650488,0,0,اکسسوری زنانه و مردانه,عینک زنانه و مردانه,متفرقه,4200000,اوپال اوپتیک,True,0,clothe
9744265,عینک آفتابی مدل 017,0,0,اکسسوری زنانه و مردانه,عینک زنانه و مردانه,متفرقه,4290000,مسیحا بیوتی,False,0,clothe
9744373,عینک آفتابی مدل 013,0,0,اکسسوری زنانه و مردانه,عینک زنانه و مردانه,متفرقه,4290000,مسیحا بیوتی,False,0,clothe
7760590,عینک آفتابی اِلدرادو مدل P-7,0,0,اکسسوری زنانه و مردانه,عینک زنانه و مردانه,اِلدرادو,4950000,اپتیک مدرن ,False,0,clothe
5953563,عینک آفتابی مدل HITO138,0,0,اکسسوری زنانه و مردانه,عینک زنانه و مردانه,متفرقه,4500000,ریبن مارکت,False,0,clothe
9861672,عینک آفتابی  مدل 22013,0,0,اکسسوری زنانه و مردانه,عینک زنانه و مردانه,متفرقه,3890000,فروشگاه آرکوشپ,True,0,clothe
11053093,عینک آفتابی مدل 18152 -G-brag,0,0,اکسسوری زنانه و مردانه,عینک زنانه و مردانه,متفرقه,4325000,فروشگاه آرکوشپ,False,0,clothe
11053249,عینک آفتابی مدل 98018,0,0,اکسسوری زنانه و مردانه,عینک زنانه و مردانه,متفرقه,3985000,فروشگاه آرکوشپ,True,0,clothe
11047737,عینک آفتابی مدل D22839 - M-barg,0,0,اکسسوری زنانه و مردانه,عینک زنانه و مردانه,متفرقه,4590000,فروشگاه آرکوشپ,True,0,clothe
10233406,عینک آفتابی مدل P3967gr,0,0,اکسسوری زنانه و مردانه,عینک زنانه و مردانه,متفرقه,4200000,عینک دونی,False,0,clothe
11053249,عینک آفتابی مدل 98018,0,0,اکسسوری زنانه و مردانه,عینک زنانه و مردانه,متفرقه,3985000,فروشگاه آرکوشپ,True,0,clothe
11241897,عینک آفتابی مدل 4449 - RB,0,0,اکسسوری زنانه و مردانه,عینک زنانه و مردانه,متفرقه,3880000,فروشگاه آرکوشپ,True,0,clothe
12617067,عینک آفتابی مدل A004,0,0,اکسسوری زنانه و مردانه,عینک زنانه و مردانه,متفرقه,4550000,هورفام سنتر,False,0,clothe
12132958,عینک آفتابی مدل D22809P - Sor- پلار,0,0,اکسسوری زنانه و مردانه,عینک زنانه و مردانه,متفرقه,4890000,فروشگاه آرکوشپ,True,0,clothe
12327862,عینک آفتابی مدل 9530 - G-a,0,0,اکسسوری زنانه و مردانه,عینک زنانه و مردانه,متفرقه,4350000,فروشگاه آرکوشپ,False,0,clothe
12272886,عینک آفتابی مدل 2247,0,0,اکسسوری زنانه و مردانه,عینک زنانه و مردانه,متفرقه,4400000,فروشگاه آرکوشپ,True,0,clothe
12273166,عینک آفتابی مدل 7276,0,0,اکسسوری زنانه و مردانه,عینک زنانه و مردانه,متفرقه,4420000,فروشگاه آرکوشپ,True,0,clothe
12273383,عینک آفتابی مدل 7266,0,0,اکسسوری زنانه و مردانه,عینک زنانه و مردانه,متفرقه,4350000,فروشگاه آرکوشپ,True,0,clothe
12188376,عینک آفتابی مدل 6945,0,0,اکسسوری زنانه و مردانه,عینک زنانه و مردانه,متفرقه,4490000,فروشگاه آرکوشپ,True,0,clothe
12391069,عینک آفتابی مدل 4232,0,0,اکسسوری زنانه و مردانه,عینک زنانه و مردانه,متفرقه,4100000,فروشگاه آرکوشپ,True,0,clothe
7787631,عینک آفتابی اِلدرادو مدل P-19,100,1,اکسسوری زنانه و مردانه,عینک زنانه و مردانه,اِلدرادو,4950000,اپتیک مدرن ,False,0,clothe
9605395,عینک آفتابی مدل 2334,0,0,اکسسوری زنانه و مردانه,عینک زنانه و مردانه,متفرقه,3933000,ترند اپتیک,True,0,clothe
10946213,عینک آفتابی مدل 8829,0,0,اکسسوری زنانه و مردانه,عینک زنانه و مردانه,متفرقه,4350000,فروشگاه آرکوشپ,True,0,clothe
11250334,عینک آفتابی مدل 9529 - F-sorm,0,0,اکسسوری زنانه و مردانه,عینک زنانه و مردانه,متفرقه,4725000,فروشگاه آرکوشپ,True,0,clothe
11279009,عینک آفتابی آکوا دی پولو مدل AQ99,0,0,اکسسوری زنانه و مردانه,عینک زنانه و مردانه,آکوا دی پولو,4840000,نگین گستر پارس,False,0,clothe
11749417,عینک آفتابی مدل PS18005 - Fnok,0,0,اکسسوری زنانه و مردانه,عینک زنانه و مردانه,متفرقه,4890000,فروشگاه آرکوشپ,True,0,clothe
12105232,عینک آفتابی مدل D22810P - M پلار,0,0,اکسسوری زنانه و مردانه,عینک زنانه و مردانه,متفرقه,4780000,فروشگاه آرکوشپ,True,0,clothe
11282887,عینک آفتابی آکوا دی پولو مدل AQ106,0,0,اکسسوری زنانه و مردانه,عینک زنانه و مردانه,آکوا دی پولو,4840000,نگین گستر پارس,False,5990000,clothe
11241683,عینک آفتابی مدل D22842,0,0,اکسسوری زنانه و مردانه,عینک زنانه و مردانه,متفرقه,4590000,فروشگاه آرکوشپ,True,0,clothe
11749173,عینک آفتابی مدل PS18008 - Ft,0,0,اکسسوری زنانه و مردانه,عینک زنانه و مردانه,متفرقه,4850000,فروشگاه آرکوشپ,True,0,clothe
12350751,عینک آفتابی مدل 9578,0,0,اکسسوری زنانه و مردانه,عینک زنانه و مردانه,متفرقه,4320000,فروشگاه آرکوشپ,True,0,clothe
11047344,عینک آفتابی مدل 7571 - di,0,0,اکسسوری زنانه و مردانه,عینک زنانه و مردانه,متفرقه,3980000,فروشگاه آرکوشپ,True,0,clothe
11249836,عینک آفتابی مدل  9474  - f-sor,0,0,اکسسوری زنانه و مردانه,عینک زنانه و مردانه,متفرقه,4720000,فروشگاه آرکوشپ,True,0,clothe
11250273,عینک آفتابی مدل 9529 - Fm-barg,0,0,اکسسوری زنانه و مردانه,عینک زنانه و مردانه,متفرقه,4685000,فروشگاه آرکوشپ,True,0,clothe
11241883,عینک آفتابی مدل 4449 - RB,0,0,اکسسوری زنانه و مردانه,عینک زنانه و مردانه,متفرقه,3890000,فروشگاه آرکوشپ,True,0,clothe
12149018,عینک آفتابی مدل  پلار کد 4012 - G-barg,0,0,اکسسوری زنانه و مردانه,عینک زنانه و مردانه,متفرقه,4800000,فروشگاه آرکوشپ,True,0,clothe
12417598,عینک آفتابی مدل 6019,0,0,اکسسوری زنانه و مردانه,عینک زنانه و مردانه,متفرقه,4700000,کافه جولری,True,0,clothe
6977880,عینک آفتابی مدل RB3024c4,0,0,اکسسوری زنانه و مردانه,عینک زنانه و مردانه,متفرقه,4550000,عینک دونی,True,0,clothe
7215332,عینک آفتابی جنتل مانستر مدل G8512,58,7,اکسسوری زنانه و مردانه,عینک زنانه و مردانه,جنتل مانستر,4760000,عینک دونی,False,0,clothe
9744248,عینک آفتابی مدل 015,0,0,اکسسوری زنانه و مردانه,عینک زنانه و مردانه,متفرقه,4290000,مسیحا بیوتی,False,0,clothe
11082377,عینک آفتابی مدل 030,0,0,اکسسوری زنانه و مردانه,عینک زنانه و مردانه,متفرقه,3880000,بازرگانی یاقوت,False,0,clothe
11257691,عینک آفتابی آکوا دی پولو مدل AQ90,40,1,اکسسوری زنانه و مردانه,عینک زنانه و مردانه,آکوا دی پولو,4640000,نگین گستر پارس,False,0,clothe
720889,عینک آفتابی مدل VK7192-W,100,2,اکسسوری زنانه و مردانه,عینک زنانه و مردانه,متفرقه,3900000,فروشگاه شما,False,0,clothe
12132947,عینک آفتابی مدل D22809P - M - پلار,0,0,اکسسوری زنانه و مردانه,عینک زنانه و مردانه,متفرقه,4900000,فروشگاه آرکوشپ,True,0,clothe
12286530,عینک آفتابی مدل 22030,0,0,اکسسوری زنانه و مردانه,عینک زنانه و مردانه,متفرقه,4720000,فروشگاه آرکوشپ,True,0,clothe
12148934,عینک آفتابی مدل 4012 - G-mat,0,0,اکسسوری زنانه و مردانه,عینک زنانه و مردانه,متفرقه,4224000,فروشگاه آرکوشپ,True,0,clothe
7736362,عینک آفتابی  مدل 1103,0,0,اکسسوری زنانه و مردانه,عینک زنانه و مردانه,متفرقه,4200000,اوپال اوپتیک,True,0,clothe
12328003,عینک آفتابی مدل 18019 - F-nok -adod,0,0,اکسسوری زنانه و مردانه,عینک زنانه و مردانه,متفرقه,4650000,فروشگاه آرکوشپ,False,0,clothe
12328046,عینک آفتابی مدل 18019 - Ftal-Adod,0,0,اکسسوری زنانه و مردانه,عینک زنانه و مردانه,متفرقه,4650000,فروشگاه آرکوشپ,False,0,clothe
9605177,عینک آفتابی مدل 2297-1,0,0,اکسسوری زنانه و مردانه,عینک زنانه و مردانه,متفرقه,3933000,ترند اپتیک,True,0,clothe
1055599,عینک آفتابی  مدل AO9017-G40,0,0,اکسسوری زنانه و مردانه,عینک زنانه و مردانه,متفرقه,4100000,اوپال اوپتیک,True,0,clothe
391119,عینک آفتابی مدل AO56 G4,54,6,اکسسوری زنانه و مردانه,عینک زنانه و مردانه,متفرقه,3900000,جهان مال,False,0,clothe
7969070,عینک آفتابی ام اند او مدل biana_c2,0,0,اکسسوری زنانه و مردانه,عینک زنانه و مردانه,ام اند او,4900000,مندو,False,0,clothe
11053479,عینک شب دیزلز مدل 98004 - m-mat,0,0,اکسسوری زنانه و مردانه,عینک زنانه و مردانه,متفرقه,4670000,فروشگاه آرکوشپ,False,0,clothe
11007109,عینک آفتابی آکوا دی پولو مدل AQ65,0,0,اکسسوری زنانه و مردانه,عینک زنانه و مردانه,آکوا دی پولو,4640000,نگین گستر پارس,False,4840000,clothe
6978120,عینک آفتابی مدل 3026gr,0,0,اکسسوری زنانه و مردانه,عینک زنانه و مردانه,متفرقه,4500000,اوپال اوپتیک,True,0,clothe
12273193,عینک آفتابی مدل 7276,0,0,اکسسوری زنانه و مردانه,عینک زنانه و مردانه,متفرقه,4420000,فروشگاه آرکوشپ,True,0,clothe
12132975,عینک آفتابی مدل D22809P - ts - پلار,0,0,اکسسوری زنانه و مردانه,عینک زنانه و مردانه,متفرقه,4890000,فروشگاه آرکوشپ,True,0,clothe
12350724,عینک آفتابی مدل 9578,0,0,اکسسوری زنانه و مردانه,عینک زنانه و مردانه,متفرقه,4320000,فروشگاه آرکوشپ,True,0,clothe
12350735,عینک آفتابی مدل 9578 - Fnog,0,0,اکسسوری زنانه و مردانه,عینک زنانه و مردانه,متفرقه,4320000,فروشگاه آرکوشپ,True,0,clothe
12436367,عینک آفتابی مدل P8807 - پلار,0,0,اکسسوری زنانه و مردانه,عینک زنانه و مردانه,متفرقه,4980000,فروشگاه آرکوشپ,True,0,clothe
391119,عینک آفتابی مدل AO56 G4,54,6,اکسسوری زنانه و مردانه,عینک زنانه و مردانه,متفرقه,3900000,جهان مال,False,0,clothe
5627376,عینک آفتابی مدل 2021PIN,0,0,اکسسوری زنانه و مردانه,عینک زنانه و مردانه,متفرقه,3900000,ریبن مارکت,False,0,clothe
6468194,عینک آفتابی  مدل 8481,0,0,اکسسوری زنانه و مردانه,عینک زنانه و مردانه,متفرقه,4320000,عینک نور چشم,True,0,clothe
11749084,عینک آفتابی مدل PS18008,0,0,اکسسوری زنانه و مردانه,عینک زنانه و مردانه,متفرقه,4870000,فروشگاه آرکوشپ,True,0,clothe
10757003,عینک آفتابی هوگو باس مدل 9529 - fg - پلار دسته فنردار,40,1,اکسسوری زنانه و مردانه,عینک زنانه و مردانه,هوگو باس,4770000,فروشگاه آرکوشپ,False,0,clothe
11250107,عینک آفتابی مدل 9554 - Fm-h-zeres,0,0,اکسسوری زنانه و مردانه,عینک زنانه و مردانه,متفرقه,4490000,فروشگاه آرکوشپ,True,0,clothe
11282593,عینک آفتابی آکوا دی پولو مدل AQ104,0,0,اکسسوری زنانه و مردانه,عینک زنانه و مردانه,آکوا دی پولو,4840000,نگین گستر پارس,False,0,clothe
8351034,عینک آفتابی مدل M0208,0,0,اکسسوری زنانه و مردانه,عینک زنانه و مردانه,متفرقه,3950000,اوپال اوپتیک,True,0,clothe
12286522,عینک آفتابی مدل 22030,0,0,اکسسوری زنانه و مردانه,عینک زنانه و مردانه,متفرقه,4720000,فروشگاه آرکوشپ,True,0,clothe
5953696,عینک آفتابی مدل HITO138SLV,40,2,اکسسوری زنانه و مردانه,عینک زنانه و مردانه,متفرقه,4500000,ریبن مارکت,False,0,clothe
6180199,عینک آفتابی دیتیای مدل 1003,0,0,اکسسوری زنانه و مردانه,عینک زنانه و مردانه,دیتیای,4350000,عینک علیخانی,False,0,clothe
7487097,عینک آفتابی مدل 15025,0,0,اکسسوری زنانه و مردانه,عینک زنانه و مردانه,متفرقه,4500000,عینک نور چشم,True,0,clothe
10946269,عینک آفتابی مدل M426,0,0,اکسسوری زنانه و مردانه,عینک زنانه و مردانه,متفرقه,4920000,فروشگاه آرکوشپ,True,0,clothe
10926898,عینک آفتابی آکوا دی پولو مدل AQ61,0,0,اکسسوری زنانه و مردانه,عینک زنانه و مردانه,آکوا دی پولو,4970000,نگین گستر پارس,False,0,clothe
12423590,عینک شب مدل 1807,0,0,اکسسوری زنانه و مردانه,عینک زنانه و مردانه,متفرقه,3980000,فروشگاه آرکوشپ,True,0,clothe
9596967,عینک آفتابی مدل nonHL 561-309,0,0,اکسسوری زنانه و مردانه,عینک زنانه و مردانه,متفرقه,4200000,بهشت آباد,False,0,clothe
12106689,عینک آفتابی مدل 08,0,0,اکسسوری زنانه و مردانه,عینک زنانه و مردانه,متفرقه,3980000,نگین گستر پارس,False,0,clothe
12106764,عینک آفتابی مدل PL09,0,0,اکسسوری زنانه و مردانه,عینک زنانه و مردانه,متفرقه,3980000,نگین گستر پارس,False,0,clothe
9972019,عینک آفتابی اکسسورایز مدل 326-018,0,0,اکسسوری زنانه و مردانه,عینک زنانه و مردانه,اکسسورایز,4100000,بهشت آباد,False,0,clothe
11220388,عینک آفتابی مدل M65020 - M-sr,0,0,اکسسوری زنانه و مردانه,عینک زنانه و مردانه,متفرقه,4910000,فروشگاه آرکوشپ,True,0,clothe
11249875,عینک آفتابی مدل 9474 - fm-barg,0,0,اکسسوری زنانه و مردانه,عینک زنانه و مردانه,متفرقه,4650000,فروشگاه آرکوشپ,True,0,clothe
11048424,عینک آفتابی مدل 98005,0,0,اکسسوری زنانه و مردانه,عینک زنانه و مردانه,متفرقه,3965000,فروشگاه آرکوشپ,False,0,clothe
11964640,عینک آفتابی زنانه مدل ge780,0,0,اکسسوری زنانه و مردانه,عینک زنانه و مردانه,متفرقه,3990000,ون گوک,False,0,clothe
4209316,عینک آفتابی مدل MIS-3010,0,0,اکسسوری زنانه و مردانه,عینک زنانه و مردانه,متفرقه,4300000,پخش کالای آریا,False,0,clothe
4217063,عینک آفتابی مدل MIS-3030,0,0,اکسسوری زنانه و مردانه,عینک زنانه و مردانه,متفرقه,4300000,پخش کالای آریا,False,0,clothe
5687120,عینک آفتابی مدل NEWYORK148,0,0,اکسسوری زنانه و مردانه,عینک زنانه و مردانه,متفرقه,4260000,ریبن مارکت,False,5325000,clothe
9598400,عینک آفتابی مدل fashion 561-289,80,1,اکسسوری زنانه و مردانه,عینک زنانه و مردانه,متفرقه,4600000,بهشت آباد,False,0,clothe
6977912,عینک آفتابی مدل RB3025br,60,1,اکسسوری زنانه و مردانه,عینک زنانه و مردانه,متفرقه,4488100,اوپال اوپتیک,True,0,clothe
7215387,عینک آفتابی سلین مدل C5371dubr,0,0,اکسسوری زنانه و مردانه,عینک زنانه و مردانه,سلین,5040000,عینک دونی,False,0,clothe
8102466,عینک آفتابی مدل 5025 GRY,100,1,اکسسوری زنانه و مردانه,عینک زنانه و مردانه,متفرقه,4998900,جوانروکالا,True,0,clothe
11046967,عینک شب مدل 7571 - DI,0,0,اکسسوری زنانه و مردانه,عینک زنانه و مردانه,متفرقه,3980000,فروشگاه آرکوشپ,True,0,clothe
11257440,عینک آفتابی آکوا دی پولو مدل AQ89,0,0,اکسسوری زنانه و مردانه,عینک زنانه و مردانه,آکوا دی پولو,4640000,نگین گستر پارس,False,0,clothe
11712456,عینک آفتابی آکوا دی پولو مدل AQ 125,0,0,اکسسوری زنانه و مردانه,عینک زنانه و مردانه,آکوا دی پولو,4840000,نگین گستر پارس,False,0,clothe
11749451,عینک آفتابی مدل PS18005 - Ft,0,0,اکسسوری زنانه و مردانه,عینک زنانه و مردانه,متفرقه,4820000,فروشگاه آرکوشپ,True,0,clothe
9940158,عینک آفتابی  مدل 3765-1,0,0,اکسسوری زنانه و مردانه,عینک زنانه و مردانه,متفرقه,4690000,فروشگاه آرکوشپ,True,0,clothe
5330990,عینک آفتابی ام اند او مدل Benny-c3,0,0,اکسسوری زنانه و مردانه,عینک زنانه و مردانه,ام اند او,4950000,مندو,False,0,clothe
11047679,عینک آفتابی مدل D22839 - DB,0,0,اکسسوری زنانه و مردانه,عینک زنانه و مردانه,متفرقه,4490000,فروشگاه آرکوشپ,True,0,clothe
11199517,عینک آفتابی مدل P929 - F-tos,0,0,اکسسوری زنانه و مردانه,عینک زنانه و مردانه,متفرقه,4865000,فروشگاه آرکوشپ,True,0,clothe
11220228,عینک آفتابی مدل M6509 - trand,0,0,اکسسوری زنانه و مردانه,عینک زنانه و مردانه,متفرقه,4910000,فروشگاه آرکوشپ,True,0,clothe
11709060,عینک آفتابی آکوا دی پولو مدل AQ 1142,0,0,اکسسوری زنانه و مردانه,عینک زنانه و مردانه,آکوا دی پولو,4840000,نگین گستر پارس,False,0,clothe
12286515,عینک آفتابی مدل 22030,0,0,اکسسوری زنانه و مردانه,عینک زنانه و مردانه,متفرقه,4720000,فروشگاه آرکوشپ,True,0,clothe
4000597,عینک آفتابی ام اند او مدل Vivian-c1,100,1,اکسسوری زنانه و مردانه,عینک زنانه و مردانه,ام اند او,4800000,مندو,False,0,clothe
2591019,عینک آفتابی مدل Leo-c1,0,0,اکسسوری زنانه و مردانه,عینک زنانه و مردانه,متفرقه,4000000,مندو,False,0,clothe
5624366,عینک آفتابی مدل 325BLK,0,0,اکسسوری زنانه و مردانه,عینک زنانه و مردانه,متفرقه,3900000,ریبن مارکت,False,0,clothe
8673294,عینک آفتابی مدل GABEEbrbr,0,0,اکسسوری زنانه و مردانه,عینک زنانه و مردانه,متفرقه,4830000,عینک دونی,False,0,clothe
9770207,عینک آفتابی  مدل RPO-1-D21327,0,0,اکسسوری زنانه و مردانه,عینک زنانه و مردانه,متفرقه,4970000,فروشگاه آرکوشپ,True,0,clothe
9744356,عینک آفتابی مدل 011,0,0,اکسسوری زنانه و مردانه,عینک زنانه و مردانه,متفرقه,4290000,مسیحا بیوتی,False,0,clothe
11220367,عینک آفتابی مدل M65020,100,1,اکسسوری زنانه و مردانه,عینک زنانه و مردانه,متفرقه,4932000,فروشگاه آرکوشپ,True,0,clothe
11557769,عینک آفتابی مدل 3892 - Fm-barg,0,0,اکسسوری زنانه و مردانه,عینک زنانه و مردانه,متفرقه,4750000,فروشگاه آرکوشپ,True,0,clothe
10299851,عینک شب دیزل مدل 98012 - دسته چوب,0,0,اکسسوری زنانه و مردانه,عینک زنانه و مردانه,دیزل,4680000,فروشگاه آرکوشپ,False,0,clothe
12327850,عینک آفتابی مدل 9530 - G-zey,0,0,اکسسوری زنانه و مردانه,عینک زنانه و مردانه,متفرقه,4350000,فروشگاه آرکوشپ,False,0,clothe
9605544,عینک آفتابی مدل 2341,0,0,اکسسوری زنانه و مردانه,عینک زنانه و مردانه,متفرقه,3933000,ترند اپتیک,True,0,clothe
11047081,عینک شب مدل 7571 - di,0,0,اکسسوری زنانه و مردانه,عینک زنانه و مردانه,متفرقه,3975000,فروشگاه آرکوشپ,True,0,clothe
12105242,عینک آفتابی مدل D22810P - So,0,0,اکسسوری زنانه و مردانه,عینک زنانه و مردانه,متفرقه,4700000,فروشگاه آرکوشپ,True,0,clothe
9579468,عینک آفتابی کد 005,0,0,اکسسوری زنانه و مردانه,عینک زنانه و مردانه,متفرقه,4290000,مسیحا بیوتی,False,0,clothe
10077722,عینک آفتابی  مدل 019-dodi,0,0,اکسسوری زنانه و مردانه,عینک زنانه و مردانه,متفرقه,4590000,فروشگاه آرکوشپ,True,0,clothe
11199487,عینک آفتابی مدل P929 - gm,0,0,اکسسوری زنانه و مردانه,عینک زنانه و مردانه,متفرقه,4865000,فروشگاه آرکوشپ,True,0,clothe
10774894,عینک آفتابی مدل 98006 - dt,0,0,اکسسوری زنانه و مردانه,عینک زنانه و مردانه,متفرقه,3970000,فروشگاه آرکوشپ,True,0,clothe
9850048,عینک آفتابی  مدل پل دار,0,0,اکسسوری زنانه و مردانه,عینک زنانه و مردانه,متفرقه,4790000,فروشگاه آرکوشپ,True,0,clothe
9603141,عینک آفتابی هامر مدل H2-9177,0,0,اکسسوری زنانه و مردانه,عینک زنانه و مردانه,هامر,3970000,کالازون,False,0,clothe
9861222,عینک آفتابی  مدل اسپورت,0,0,اکسسوری زنانه و مردانه,عینک زنانه و مردانه,متفرقه,4490000,اوپال اوپتیک,True,0,clothe
9605415,عینک آفتابی مدل 2334,100,1,اکسسوری زنانه و مردانه,عینک زنانه و مردانه,متفرقه,3933000,ترند اپتیک,True,0,clothe
11241645,عینک آفتابی مدل D 22845 - M-mat,0,0,اکسسوری زنانه و مردانه,عینک زنانه و مردانه,متفرقه,4685000,فروشگاه آرکوشپ,True,0,clothe
11077938,عینک آفتابی آکوا دی پولو مدل AQ 80,0,0,اکسسوری زنانه و مردانه,عینک زنانه و مردانه,آکوا دی پولو,4640000,نگین گستر پارس,False,5990000,clothe
11078755,عینک آفتابی آکوا دی پولو مدل AQ86,0,0,اکسسوری زنانه و مردانه,عینک زنانه و مردانه,آکوا دی پولو,4640000,نگین گستر پارس,False,0,clothe
11247733,عینک آفتابی مدل 437.636,0,0,اکسسوری زنانه و مردانه,عینک زنانه و مردانه,متفرقه,4650000,مدیالندز,False,0,clothe
11693354,عینک آفتابی مدل WAYFARER33,0,0,اکسسوری زنانه و مردانه,عینک زنانه و مردانه,متفرقه,4500000,عینک استور,True,0,clothe
8463844,عینک آفتابی مدل ey509,80,1,اکسسوری زنانه و مردانه,عینک زنانه و مردانه,متفرقه,4070000,خانم کوچولو,False,0,clothe
11944753,عینک شب مدل R2414si,0,0,اکسسوری زنانه و مردانه,عینک زنانه و مردانه,متفرقه,4830000,عینک دونی,False,0,clothe
9861385,عینک آفتابی  مدل اسپورت,0,0,اکسسوری زنانه و مردانه,عینک زنانه و مردانه,متفرقه,3980000,اوپال اوپتیک,True,0,clothe
11164834,عینک آفتابی لاو ور مدل Gf7,100,1,اکسسوری زنانه و مردانه,عینک زنانه و مردانه,لاو ور,5100000,ارکان شاپ,False,0,clothe
11250094,عینک آفتابی مدل 9554 - sor-h-tos پلار,0,0,اکسسوری زنانه و مردانه,عینک زنانه و مردانه,متفرقه,4410000,فروشگاه آرکوشپ,True,0,clothe
7217335,عینک آفتابی مدل P 3026,90,2,اکسسوری زنانه و مردانه,عینک زنانه و مردانه,متفرقه,4200000,بازرگانی لیان پارس,True,0,clothe
9542750,عینک آفتابی  مدل PL1816 POLARIZED,0,0,اکسسوری زنانه و مردانه,عینک زنانه و مردانه,متفرقه,3995000,ترند اپتیک,True,0,clothe
9542750,عینک آفتابی  مدل PL1816 POLARIZED,0,0,اکسسوری زنانه و مردانه,عینک زنانه و مردانه,متفرقه,3995000,ترند اپتیک,True,0,clothe
730806,عینک افتابی مدل Sky Master Aviator G54 سایز 54 میلی متر,52,7,اکسسوری زنانه و مردانه,عینک زنانه و مردانه,متفرقه,4200000,آراز,False,0,clothe
11053563,عینک آفتابی مدل 98016 - جیوه ای,0,0,اکسسوری زنانه و مردانه,عینک زنانه و مردانه,متفرقه,3890000,فروشگاه آرکوشپ,False,0,clothe
5860844,عینک آفتابی مدل LIVER854,100,2,اکسسوری زنانه و مردانه,عینک زنانه و مردانه,متفرقه,4140000,ریبن مارکت,False,0,clothe
7801247,عینک آفتابی مدل 3025,0,0,اکسسوری زنانه و مردانه,عینک زنانه و مردانه,متفرقه,4464800,اوپال اوپتیک,True,0,clothe
12206276,عینک آفتابی مدل 928,0,0,اکسسوری زنانه و مردانه,عینک زنانه و مردانه,متفرقه,3890000,فروشگاه آرکوشپ,True,0,clothe
12286551,عینک آفتابی مدل 22030,0,0,اکسسوری زنانه و مردانه,عینک زنانه و مردانه,متفرقه,4720000,فروشگاه آرکوشپ,True,0,clothe
11257418,عینک آفتابی آکوا دی پولو مدل AQ87,0,0,اکسسوری زنانه و مردانه,عینک زنانه و مردانه,آکوا دی پولو,4640000,نگین گستر پارس,False,0,clothe
11745393,عینک آفتابی مدل مربع کد 76 UV400,0,0,اکسسوری زنانه و مردانه,عینک زنانه و مردانه,متفرقه,4494700,آرام جان,True,0,clothe
5330924,عینک آفتابی ام اند او مدل Benny-c2,0,0,اکسسوری زنانه و مردانه,عینک زنانه و مردانه,ام اند او,4950000,مندو,False,0,clothe
3071546,عینک آفتابی مدل Vita-c1,0,0,اکسسوری زنانه و مردانه,عینک زنانه و مردانه,متفرقه,4500000,مندو,True,0,clothe
10371209,عینک آفتابی  مدل 13-9574 - trand,0,0,اکسسوری زنانه و مردانه,عینک زنانه و مردانه,متفرقه,3900000,فروشگاه آرکوشپ,True,0,clothe
10891562,عینک آفتابی مدل F1000,0,0,اکسسوری زنانه و مردانه,عینک زنانه و مردانه,متفرقه,4980000,فروشگاه آرکوشپ,True,0,clothe
11053605,عینک شب مدل 98013,0,0,اکسسوری زنانه و مردانه,عینک زنانه و مردانه,متفرقه,4675000,فروشگاه آرکوشپ,False,0,clothe
11053633,عینک شب مدل 18161,0,0,اکسسوری زنانه و مردانه,عینک زنانه و مردانه,متفرقه,4710000,فروشگاه آرکوشپ,False,0,clothe
11219881,عینک آفتابی مدل S1010 - MAY,0,0,اکسسوری زنانه و مردانه,عینک زنانه و مردانه,متفرقه,4865000,فروشگاه آرکوشپ,True,0,clothe
11053633,عینک شب مدل 18161,0,0,اکسسوری زنانه و مردانه,عینک زنانه و مردانه,متفرقه,4710000,فروشگاه آرکوشپ,False,0,clothe
11568493,عینک آفتابی مدل D22839 - Fm-mat,0,0,اکسسوری زنانه و مردانه,عینک زنانه و مردانه,متفرقه,4450000,فروشگاه آرکوشپ,True,0,clothe
3420341,عینک آفتابی  مدل FF0385,0,0,اکسسوری زنانه و مردانه,عینک زنانه و مردانه,متفرقه,3900000,جهان مال,True,0,clothe
9542749,عینک آفتابی  مدل PL1814 POLARIZED,0,0,اکسسوری زنانه و مردانه,عینک زنانه و مردانه,متفرقه,4675000,ترند اپتیک,True,5440000,clothe
10756776,عینک آفتابی دیزل مدل 18174 - fgmat,0,0,اکسسوری زنانه و مردانه,عینک زنانه و مردانه,دیزل,4490000,فروشگاه آرکوشپ,False,0,clothe
10764074,عینک آفتابی دیوید بکهام مدل UM2438,0,0,اکسسوری زنانه و مردانه,عینک زنانه و مردانه,دیوید بکهام,4800000,تهران اپتیک,False,0,clothe
11164818,عینک شب لاو ور مدل Jb88,0,0,اکسسوری زنانه و مردانه,عینک زنانه و مردانه,لاو ور,5100000,ارکان شاپ,False,0,clothe
11712549,عینک آفتابی آکوا دی پولو مدل AQ 129,0,0,اکسسوری زنانه و مردانه,عینک زنانه و مردانه,آکوا دی پولو,4840000,نگین گستر پارس,False,0,clothe
1066350,عینک آفتابی آمریکن اوپتیکال مدل AO3025-G46,20,1,اکسسوری زنانه و مردانه,عینک زنانه و مردانه,امریکن اوپتیکال,4032000,لوازم جانبی لوکاس,False,0,clothe
9288810,عینک آفتابی هامر مدل H2-9151,70,2,اکسسوری زنانه و مردانه,عینک زنانه و مردانه,هامر,3970000,کالازون,False,3970000,clothe
12273278,عینک آفتابی مدل 7276 - Fsor,0,0,اکسسوری زنانه و مردانه,عینک زنانه و مردانه,متفرقه,4400000,فروشگاه آرکوشپ,True,0,clothe
10724313,عینک آفتابی دیزلز مدل 18167 - polarizaed,0,0,اکسسوری زنانه و مردانه,عینک زنانه و مردانه,دیزل,4590000,فروشگاه آرکوشپ,False,0,clothe
10876081,عینک آفتابی مدل Z3273,0,0,اکسسوری زنانه و مردانه,عینک زنانه و مردانه,متفرقه,4516100,اوپال اوپتیک,True,0,clothe
11746770,عینک آفتابی مدل خاص کد 83 UV400,0,0,اکسسوری زنانه و مردانه,عینک زنانه و مردانه,متفرقه,4154700,آرام جان,True,0,clothe
10650984,عینک آفتابی سلین مدل 1735 -,0,0,اکسسوری زنانه و مردانه,عینک زنانه و مردانه,سلین,4100000,عینک دیدار,False,0,clothe
5330775,عینک آفتابی ام اند او مدل Benny-c1,0,0,اکسسوری زنانه و مردانه,عینک زنانه و مردانه,ام اند او,4950000,مندو,False,0,clothe
12276870,عینک آفتابی مدل پرسینگ دار,0,0,اکسسوری زنانه و مردانه,عینک زنانه و مردانه,متفرقه,4700000,ارکان شاپ,True,0,clothe
11249675,عینک شب مدل 18163 - P,0,0,اکسسوری زنانه و مردانه,عینک زنانه و مردانه,متفرقه,4630000,فروشگاه آرکوشپ,False,0,clothe
10369073,عینک آفتابی دیتیای مدل 2-1003 - دسته فنر ,0,0,اکسسوری زنانه و مردانه,عینک زنانه و مردانه,دیتیای,3890000,فروشگاه آرکوشپ,False,0,clothe
10700373,عینک آفتابی ژیوانشی مدل 2220,0,0,اکسسوری زنانه و مردانه,عینک زنانه و مردانه,ژیوانشی,4510000,فروشگاه آرکوشپ,False,0,clothe
12327876,عینک شب مدل 9530,0,0,اکسسوری زنانه و مردانه,عینک زنانه و مردانه,متفرقه,4550000,فروشگاه آرکوشپ,False,0,clothe
12286433,عینک شب مدل 58157 - Fnog,0,0,اکسسوری زنانه و مردانه,عینک زنانه و مردانه,متفرقه,3940000,فروشگاه آرکوشپ,True,0,clothe
12423266,عینک آفتابی مدل 4239 - F-sfd,0,0,اکسسوری زنانه و مردانه,عینک زنانه و مردانه,متفرقه,4350000,فروشگاه آرکوشپ,True,0,clothe
10058686,عینک شب  مدل 9675- re,0,0,اکسسوری زنانه و مردانه,عینک زنانه و مردانه,متفرقه,4190000,فروشگاه آرکوشپ,True,0,clothe
